{
  "mean": [
    -0.000606118468567729,
    -0.00027456338284537196,
    -0.00023892214812804013,
    0.0005248365923762321,
    -0.0009286293061450124,
    -0.0010743280872702599,
    0.7995359897613525,
    0.02738298662006855,
    0.08024956285953522
  ],
  "std": [
    0.1990872323513031,
    0.12216024100780487,
    0.11040952801704407,
    0.40748754143714905,
    0.3929227888584137,
    0.2668893337249756,
    0.41929447650909424,
    0.38350963592529297,
    0.37542542815208435
  ],
  "random_seed": 42,
  "val_ratio": 0.2,
  "channels": [
    "body_acc_x",
    "body_acc_y",
    "body_acc_z",
    "body_gyro_x",
    "body_gyro_y",
    "body_gyro_z",
    "total_acc_x",
    "total_acc_y",
    "total_acc_z"
  ],
  "activity_names": [
    "WALKING",
    "WALKING_UPSTAIRS",
    "WALKING_DOWNSTAIRS",
    "SITTING",
    "STANDING",
    "LAYING"
  ]
}